{
  "name": "DiscordConnect-Polyglot",
  "title": "DiscordConnect",
  "description": "Send Foundry chat to Discord!",
  "author": "DrDungeonMaster",
  "version": "v1.1.0l",
  "minimumCoreVersion": "0.7.9",
  "compatibleCoreVersion": "0.8.9",
  "scripts": [
	"./scripts/chatmirror.js"
  ],
"url": "https://github.com/DrDungeonMaster/DiscordConnect/",
"manifest": "https://raw.githubusercontent.com/DrDungeonMaster/DiscordConnect/main/module.json",
"download": "https://github.com/DrDungeonMaster/DiscordConnect/raw/v1.1.0l/DiscordConnect.zip"
}
